"","chicken","dog","horses","human","pig"
"dog",1,NA,NA,NA,NA
"horses",0.00161874223835255,0.0471112538096485,NA,NA,NA
"human",0.782207938526553,0.782951214100844,1.12790322648106e-06,NA,NA
"pig",0.819549567093272,1,0.00308557566061024,0.782207938526553,NA
"unknown",0.782207938526553,0.847987807040341,0.0494064045443276,0.132906035136273,0.782951214100844
